record_type,corpus,documents,sentences,tokens,raw_vocabulary,min_count,word2vec_vocabulary,load_seconds,word,count,passes_min_count,window,vocabulary_size,matrix_rows,matrix_columns,matrix_entries,non_zero_values,density,word_a,word_b,similarity,query,rank,neighbor,model_id,vector_size,epochs,training_objective,negative_samples,workers,training_seconds,weight_size_mb,query_frequency,neighbor_frequency,same_sentence_count,within_window_5_count,shared_context_count,shared_contexts,doctor_top_contexts,neighbor_top_contexts,example_contexts,dimension,doctor_physician_similarity,doctor_hospital_similarity,analogy_expected,analogy_top1,analogy_top1_score,analogy_expected_rank_at_10,downstream_accuracy_at_1,downstream_mrr,in_vocabulary,analogy,candidate,expected,is_expected,document_id,document,expected_document,example_context
corpus_summary,c4-train.00000-of-01024-30K.json.gz,10000.0,202766.0,3567393.0,96415.0,2.0,52578.0,3.0880833000001076,,,,,,,,,,,,,,,,,,,,,,,,,,,,,,,,,,,,,,,,,,,,,,,,,,,
required_word_counts,,,,,,,,,doctor,274.0,True,,,,,,,,,,,,,,,,,,,,,,,,,,,,,,,,,,,,,,,,,,,,,,,,
required_word_counts,,,,,,,,,physician,86.0,True,,,,,,,,,,,,,,,,,,,,,,,,,,,,,,,,,,,,,,,,,,,,,,,,
required_word_counts,,,,,,,,,hospital,346.0,True,,,,,,,,,,,,,,,,,,,,,,,,,,,,,,,,,,,,,,,,,,,,,,,,
required_word_counts,,,,,,,,,patient,334.0,True,,,,,,,,,,,,,,,,,,,,,,,,,,,,,,,,,,,,,,,,,,,,,,,,
required_word_counts,,,,,,,,,disease,360.0,True,,,,,,,,,,,,,,,,,,,,,,,,,,,,,,,,,,,,,,,,,,,,,,,,
required_word_counts,,,,,,,,,computer,594.0,True,,,,,,,,,,,,,,,,,,,,,,,,,,,,,,,,,,,,,,,,,,,,,,,,
required_word_counts,,,,,,,,,football,512.0,True,,,,,,,,,,,,,,,,,,,,,,,,,,,,,,,,,,,,,,,,,,,,,,,,
required_word_counts,,,,,,,,,banana,41.0,True,,,,,,,,,,,,,,,,,,,,,,,,,,,,,,,,,,,,,,,,,,,,,,,,
required_word_counts,,,,,,,,,car,1103.0,True,,,,,,,,,,,,,,,,,,,,,,,,,,,,,,,,,,,,,,,,,,,,,,,,
required_word_counts,,,,,,,,,automobile,20.0,True,,,,,,,,,,,,,,,,,,,,,,,,,,,,,,,,,,,,,,,,,,,,,,,,
required_word_counts,,,,,,,,,king,318.0,True,,,,,,,,,,,,,,,,,,,,,,,,,,,,,,,,,,,,,,,,,,,,,,,,
required_word_counts,,,,,,,,,queen,188.0,True,,,,,,,,,,,,,,,,,,,,,,,,,,,,,,,,,,,,,,,,,,,,,,,,
required_word_counts,,,,,,,,,man,823.0,True,,,,,,,,,,,,,,,,,,,,,,,,,,,,,,,,,,,,,,,,,,,,,,,,
required_word_counts,,,,,,,,,woman,276.0,True,,,,,,,,,,,,,,,,,,,,,,,,,,,,,,,,,,,,,,,,,,,,,,,,
required_word_counts,,,,,,,,,paris,141.0,True,,,,,,,,,,,,,,,,,,,,,,,,,,,,,,,,,,,,,,,,,,,,,,,,
required_word_counts,,,,,,,,,france,237.0,True,,,,,,,,,,,,,,,,,,,,,,,,,,,,,,,,,,,,,,,,,,,,,,,,
required_word_counts,,,,,,,,,italy,155.0,True,,,,,,,,,,,,,,,,,,,,,,,,,,,,,,,,,,,,,,,,,,,,,,,,
required_word_counts,,,,,,,,,rome,46.0,True,,,,,,,,,,,,,,,,,,,,,,,,,,,,,,,,,,,,,,,,,,,,,,,,
required_word_counts,,,,,,,,,cat,219.0,True,,,,,,,,,,,,,,,,,,,,,,,,,,,,,,,,,,,,,,,,,,,,,,,,
required_word_counts,,,,,,,,,dog,432.0,True,,,,,,,,,,,,,,,,,,,,,,,,,,,,,,,,,,,,,,,,,,,,,,,,
cooccurrence_stats,,,,,,,,,,,,1.0,31.0,31.0,31.0,961.0,74.0,0.07700312174817898,,,,,,,,,,,,,,,,,,,,,,,,,,,,,,,,,,,,,,,,,
cooccurrence_stats,,,,,,,,,,,,2.0,31.0,31.0,31.0,961.0,118.0,0.12278876170655567,,,,,,,,,,,,,,,,,,,,,,,,,,,,,,,,,,,,,,,,,
cooccurrence_stats,,,,,,,,,,,,5.0,31.0,31.0,31.0,961.0,158.0,0.16441207075962538,,,,,,,,,,,,,,,,,,,,,,,,,,,,,,,,,,,,,,,,,
cooccurrence_similarity,,,,,,,,,,,,1.0,,,,,,,doctor,physician,1.0000000000000002,,,,,,,,,,,,,,,,,,,,,,,,,,,,,,,,,,,,,,
cooccurrence_similarity,,,,,,,,,,,,1.0,,,,,,,doctor,hospital,0.7745966692414834,,,,,,,,,,,,,,,,,,,,,,,,,,,,,,,,,,,,,,
cooccurrence_similarity,,,,,,,,,,,,1.0,,,,,,,cat,dog,1.0000000000000002,,,,,,,,,,,,,,,,,,,,,,,,,,,,,,,,,,,,,,
cooccurrence_similarity,,,,,,,,,,,,2.0,,,,,,,doctor,physician,1.0000000000000002,,,,,,,,,,,,,,,,,,,,,,,,,,,,,,,,,,,,,,
cooccurrence_similarity,,,,,,,,,,,,2.0,,,,,,,doctor,hospital,0.819891591749923,,,,,,,,,,,,,,,,,,,,,,,,,,,,,,,,,,,,,,
cooccurrence_similarity,,,,,,,,,,,,2.0,,,,,,,cat,dog,0.8749999999999998,,,,,,,,,,,,,,,,,,,,,,,,,,,,,,,,,,,,,,
cooccurrence_similarity,,,,,,,,,,,,5.0,,,,,,,doctor,physician,1.0,,,,,,,,,,,,,,,,,,,,,,,,,,,,,,,,,,,,,,
cooccurrence_similarity,,,,,,,,,,,,5.0,,,,,,,doctor,hospital,0.8495907904857465,,,,,,,,,,,,,,,,,,,,,,,,,,,,,,,,,,,,,,
cooccurrence_similarity,,,,,,,,,,,,5.0,,,,,,,cat,dog,0.8749999999999998,,,,,,,,,,,,,,,,,,,,,,,,,,,,,,,,,,,,,,
cooccurrence_neighbors,,,,,,,,,,,,1.0,,,,,,,,,1.0000000000000002,doctor,1.0,physician,,,,,,,,,,,,,,,,,,,,,,,,,,,,,,,,,,,
cooccurrence_neighbors,,,,,,,,,,,,1.0,,,,,,,,,0.8660254037844387,doctor,2.0,at,,,,,,,,,,,,,,,,,,,,,,,,,,,,,,,,,,,
cooccurrence_neighbors,,,,,,,,,,,,1.0,,,,,,,,,0.8164965809277261,doctor,3.0,patient,,,,,,,,,,,,,,,,,,,,,,,,,,,,,,,,,,,
cooccurrence_neighbors,,,,,,,,,,,,1.0,,,,,,,,,0.7745966692414834,doctor,4.0,hospital,,,,,,,,,,,,,,,,,,,,,,,,,,,,,,,,,,,
cooccurrence_neighbors,,,,,,,,,,,,1.0,,,,,,,,,0.6666666666666667,doctor,5.0,cat,,,,,,,,,,,,,,,,,,,,,,,,,,,,,,,,,,,
cooccurrence_neighbors,,,,,,,,,,,,1.0,,,,,,,,,1.0000000000000002,physician,1.0,doctor,,,,,,,,,,,,,,,,,,,,,,,,,,,,,,,,,,,
cooccurrence_neighbors,,,,,,,,,,,,1.0,,,,,,,,,0.8660254037844387,physician,2.0,at,,,,,,,,,,,,,,,,,,,,,,,,,,,,,,,,,,,
cooccurrence_neighbors,,,,,,,,,,,,1.0,,,,,,,,,0.8164965809277261,physician,3.0,patient,,,,,,,,,,,,,,,,,,,,,,,,,,,,,,,,,,,
cooccurrence_neighbors,,,,,,,,,,,,1.0,,,,,,,,,0.7745966692414834,physician,4.0,hospital,,,,,,,,,,,,,,,,,,,,,,,,,,,,,,,,,,,
cooccurrence_neighbors,,,,,,,,,,,,1.0,,,,,,,,,0.6666666666666667,physician,5.0,cat,,,,,,,,,,,,,,,,,,,,,,,,,,,,,,,,,,,
cooccurrence_neighbors,,,,,,,,,,,,1.0,,,,,,,,,0.9486832980505138,hospital,1.0,patient,,,,,,,,,,,,,,,,,,,,,,,,,,,,,,,,,,,
cooccurrence_neighbors,,,,,,,,,,,,1.0,,,,,,,,,0.7745966692414834,hospital,2.0,cat,,,,,,,,,,,,,,,,,,,,,,,,,,,,,,,,,,,
cooccurrence_neighbors,,,,,,,,,,,,1.0,,,,,,,,,0.7745966692414834,hospital,3.0,doctor,,,,,,,,,,,,,,,,,,,,,,,,,,,,,,,,,,,
cooccurrence_neighbors,,,,,,,,,,,,1.0,,,,,,,,,0.7745966692414834,hospital,4.0,dog,,,,,,,,,,,,,,,,,,,,,,,,,,,,,,,,,,,
cooccurrence_neighbors,,,,,,,,,,,,1.0,,,,,,,,,0.7745966692414834,hospital,5.0,physician,,,,,,,,,,,,,,,,,,,,,,,,,,,,,,,,,,,
cooccurrence_neighbors,,,,,,,,,,,,1.0,,,,,,,,,1.0000000000000002,cat,1.0,dog,,,,,,,,,,,,,,,,,,,,,,,,,,,,,,,,,,,
cooccurrence_neighbors,,,,,,,,,,,,1.0,,,,,,,,,0.8164965809277261,cat,2.0,patient,,,,,,,,,,,,,,,,,,,,,,,,,,,,,,,,,,,
cooccurrence_neighbors,,,,,,,,,,,,1.0,,,,,,,,,0.7745966692414834,cat,3.0,hospital,,,,,,,,,,,,,,,,,,,,,,,,,,,,,,,,,,,
cooccurrence_neighbors,,,,,,,,,,,,1.0,,,,,,,,,0.6666666666666667,cat,4.0,doctor,,,,,,,,,,,,,,,,,,,,,,,,,,,,,,,,,,,
cooccurrence_neighbors,,,,,,,,,,,,1.0,,,,,,,,,0.6666666666666667,cat,5.0,physician,,,,,,,,,,,,,,,,,,,,,,,,,,,,,,,,,,,
cooccurrence_neighbors,,,,,,,,,,,,1.0,,,,,,,,,1.0000000000000002,dog,1.0,cat,,,,,,,,,,,,,,,,,,,,,,,,,,,,,,,,,,,
cooccurrence_neighbors,,,,,,,,,,,,1.0,,,,,,,,,0.8164965809277261,dog,2.0,patient,,,,,,,,,,,,,,,,,,,,,,,,,,,,,,,,,,,
cooccurrence_neighbors,,,,,,,,,,,,1.0,,,,,,,,,0.7745966692414834,dog,3.0,hospital,,,,,,,,,,,,,,,,,,,,,,,,,,,,,,,,,,,
cooccurrence_neighbors,,,,,,,,,,,,1.0,,,,,,,,,0.6666666666666667,dog,4.0,doctor,,,,,,,,,,,,,,,,,,,,,,,,,,,,,,,,,,,
cooccurrence_neighbors,,,,,,,,,,,,1.0,,,,,,,,,0.6666666666666667,dog,5.0,physician,,,,,,,,,,,,,,,,,,,,,,,,,,,,,,,,,,,
cooccurrence_neighbors,,,,,,,,,,,,2.0,,,,,,,,,1.0000000000000002,doctor,1.0,physician,,,,,,,,,,,,,,,,,,,,,,,,,,,,,,,,,,,
cooccurrence_neighbors,,,,,,,,,,,,2.0,,,,,,,,,0.8616404368553291,doctor,2.0,works,,,,,,,,,,,,,,,,,,,,,,,,,,,,,,,,,,,
cooccurrence_neighbors,,,,,,,,,,,,2.0,,,,,,,,,0.819891591749923,doctor,3.0,hospital,,,,,,,,,,,,,,,,,,,,,,,,,,,,,,,,,,,
cooccurrence_neighbors,,,,,,,,,,,,2.0,,,,,,,,,0.8164965809277259,doctor,4.0,patient,,,,,,,,,,,,,,,,,,,,,,,,,,,,,,,,,,,
cooccurrence_neighbors,,,,,,,,,,,,2.0,,,,,,,,,0.7385489458759964,doctor,5.0,treated,,,,,,,,,,,,,,,,,,,,,,,,,,,,,,,,,,,
cooccurrence_neighbors,,,,,,,,,,,,2.0,,,,,,,,,1.0000000000000002,physician,1.0,doctor,,,,,,,,,,,,,,,,,,,,,,,,,,,,,,,,,,,
cooccurrence_neighbors,,,,,,,,,,,,2.0,,,,,,,,,0.8616404368553291,physician,2.0,works,,,,,,,,,,,,,,,,,,,,,,,,,,,,,,,,,,,
cooccurrence_neighbors,,,,,,,,,,,,2.0,,,,,,,,,0.819891591749923,physician,3.0,hospital,,,,,,,,,,,,,,,,,,,,,,,,,,,,,,,,,,,
cooccurrence_neighbors,,,,,,,,,,,,2.0,,,,,,,,,0.8164965809277259,physician,4.0,patient,,,,,,,,,,,,,,,,,,,,,,,,,,,,,,,,,,,
cooccurrence_neighbors,,,,,,,,,,,,2.0,,,,,,,,,0.7385489458759964,physician,5.0,treated,,,,,,,,,,,,,,,,,,,,,,,,,,,,,,,,,,,
cooccurrence_neighbors,,,,,,,,,,,,2.0,,,,,,,,,0.8807710121010883,hospital,1.0,works,,,,,,,,,,,,,,,,,,,,,,,,,,,,,,,,,,,
cooccurrence_neighbors,,,,,,,,,,,,2.0,,,,,,,,,0.819891591749923,hospital,2.0,doctor,,,,,,,,,,,,,,,,,,,,,,,,,,,,,,,,,,,
cooccurrence_neighbors,,,,,,,,,,,,2.0,,,,,,,,,0.819891591749923,hospital,3.0,physician,,,,,,,,,,,,,,,,,,,,,,,,,,,,,,,,,,,
cooccurrence_neighbors,,,,,,,,,,,,2.0,,,,,,,,,0.6605782590758162,hospital,4.0,treated,,,,,,,,,,,,,,,,,,,,,,,,,,,,,,,,,,,
cooccurrence_neighbors,,,,,,,,,,,,2.0,,,,,,,,,0.5477225575051661,hospital,5.0,cat,,,,,,,,,,,,,,,,,,,,,,,,,,,,,,,,,,,
cooccurrence_neighbors,,,,,,,,,,,,2.0,,,,,,,,,0.8749999999999998,cat,1.0,dog,,,,,,,,,,,,,,,,,,,,,,,,,,,,,,,,,,,
cooccurrence_neighbors,,,,,,,,,,,,2.0,,,,,,,,,0.6708203932499369,cat,2.0,eats,,,,,,,,,,,,,,,,,,,,,,,,,,,,,,,,,,,
cooccurrence_neighbors,,,,,,,,,,,,2.0,,,,,,,,,0.6249999999999999,cat,3.0,likes,,,,,,,,,,,,,,,,,,,,,,,,,,,,,,,,,,,
cooccurrence_neighbors,,,,,,,,,,,,2.0,,,,,,,,,0.6123724356957945,cat,4.0,doctor,,,,,,,,,,,,,,,,,,,,,,,,,,,,,,,,,,,
cooccurrence_neighbors,,,,,,,,,,,,2.0,,,,,,,,,0.6123724356957945,cat,5.0,physician,,,,,,,,,,,,,,,,,,,,,,,,,,,,,,,,,,,
cooccurrence_neighbors,,,,,,,,,,,,2.0,,,,,,,,,0.8749999999999998,dog,1.0,cat,,,,,,,,,,,,,,,,,,,,,,,,,,,,,,,,,,,
cooccurrence_neighbors,,,,,,,,,,,,2.0,,,,,,,,,0.6708203932499369,dog,2.0,eats,,,,,,,,,,,,,,,,,,,,,,,,,,,,,,,,,,,
cooccurrence_neighbors,,,,,,,,,,,,2.0,,,,,,,,,0.6249999999999999,dog,3.0,likes,,,,,,,,,,,,,,,,,,,,,,,,,,,,,,,,,,,
cooccurrence_neighbors,,,,,,,,,,,,2.0,,,,,,,,,0.6123724356957945,dog,4.0,doctor,,,,,,,,,,,,,,,,,,,,,,,,,,,,,,,,,,,
cooccurrence_neighbors,,,,,,,,,,,,2.0,,,,,,,,,0.6123724356957945,dog,5.0,physician,,,,,,,,,,,,,,,,,,,,,,,,,,,,,,,,,,,
cooccurrence_neighbors,,,,,,,,,,,,5.0,,,,,,,,,1.0,doctor,1.0,physician,,,,,,,,,,,,,,,,,,,,,,,,,,,,,,,,,,,
cooccurrence_neighbors,,,,,,,,,,,,5.0,,,,,,,,,0.8559209850218259,doctor,2.0,at,,,,,,,,,,,,,,,,,,,,,,,,,,,,,,,,,,,
cooccurrence_neighbors,,,,,,,,,,,,5.0,,,,,,,,,0.8559209850218259,doctor,3.0,works,,,,,,,,,,,,,,,,,,,,,,,,,,,,,,,,,,,
cooccurrence_neighbors,,,,,,,,,,,,5.0,,,,,,,,,0.8495907904857465,doctor,4.0,hospital,,,,,,,,,,,,,,,,,,,,,,,,,,,,,,,,,,,
cooccurrence_neighbors,,,,,,,,,,,,5.0,,,,,,,,,0.8374357893586237,doctor,5.0,patient,,,,,,,,,,,,,,,,,,,,,,,,,,,,,,,,,,,
cooccurrence_neighbors,,,,,,,,,,,,5.0,,,,,,,,,1.0,physician,1.0,doctor,,,,,,,,,,,,,,,,,,,,,,,,,,,,,,,,,,,
cooccurrence_neighbors,,,,,,,,,,,,5.0,,,,,,,,,0.8559209850218259,physician,2.0,at,,,,,,,,,,,,,,,,,,,,,,,,,,,,,,,,,,,
cooccurrence_neighbors,,,,,,,,,,,,5.0,,,,,,,,,0.8559209850218259,physician,3.0,works,,,,,,,,,,,,,,,,,,,,,,,,,,,,,,,,,,,
cooccurrence_neighbors,,,,,,,,,,,,5.0,,,,,,,,,0.8495907904857465,physician,4.0,hospital,,,,,,,,,,,,,,,,,,,,,,,,,,,,,,,,,,,
cooccurrence_neighbors,,,,,,,,,,,,5.0,,,,,,,,,0.8374357893586237,physician,5.0,patient,,,,,,,,,,,,,,,,,,,,,,,,,,,,,,,,,,,
cooccurrence_neighbors,,,,,,,,,,,,5.0,,,,,,,,,0.8495907904857465,hospital,1.0,doctor,,,,,,,,,,,,,,,,,,,,,,,,,,,,,,,,,,,
cooccurrence_neighbors,,,,,,,,,,,,5.0,,,,,,,,,0.8495907904857465,hospital,2.0,physician,,,,,,,,,,,,,,,,,,,,,,,,,,,,,,,,,,,
cooccurrence_neighbors,,,,,,,,,,,,5.0,,,,,,,,,0.8271701918685113,hospital,3.0,at,,,,,,,,,,,,,,,,,,,,,,,,,,,,,,,,,,,
cooccurrence_neighbors,,,,,,,,,,,,5.0,,,,,,,,,0.8271701918685113,hospital,4.0,works,,,,,,,,,,,,,,,,,,,,,,,,,,,,,,,,,,,
cooccurrence_neighbors,,,,,,,,,,,,5.0,,,,,,,,,0.7608859102526822,hospital,5.0,patient,,,,,,,,,,,,,,,,,,,,,,,,,,,,,,,,,,,
cooccurrence_neighbors,,,,,,,,,,,,5.0,,,,,,,,,0.8749999999999998,cat,1.0,dog,,,,,,,,,,,,,,,,,,,,,,,,,,,,,,,,,,,
cooccurrence_neighbors,,,,,,,,,,,,5.0,,,,,,,,,0.6708203932499369,cat,2.0,eats,,,,,,,,,,,,,,,,,,,,,,,,,,,,,,,,,,,
cooccurrence_neighbors,,,,,,,,,,,,5.0,,,,,,,,,0.6708203932499369,cat,3.0,fish,,,,,,,,,,,,,,,,,,,,,,,,,,,,,,,,,,,
cooccurrence_neighbors,,,,,,,,,,,,5.0,,,,,,,,,0.6249999999999999,cat,4.0,likes,,,,,,,,,,,,,,,,,,,,,,,,,,,,,,,,,,,
cooccurrence_neighbors,,,,,,,,,,,,5.0,,,,,,,,,0.6172133998483676,cat,5.0,doctor,,,,,,,,,,,,,,,,,,,,,,,,,,,,,,,,,,,
cooccurrence_neighbors,,,,,,,,,,,,5.0,,,,,,,,,0.8749999999999998,dog,1.0,cat,,,,,,,,,,,,,,,,,,,,,,,,,,,,,,,,,,,
cooccurrence_neighbors,,,,,,,,,,,,5.0,,,,,,,,,0.6708203932499369,dog,2.0,eats,,,,,,,,,,,,,,,,,,,,,,,,,,,,,,,,,,,
cooccurrence_neighbors,,,,,,,,,,,,5.0,,,,,,,,,0.6708203932499369,dog,3.0,fish,,,,,,,,,,,,,,,,,,,,,,,,,,,,,,,,,,,
cooccurrence_neighbors,,,,,,,,,,,,5.0,,,,,,,,,0.6249999999999999,dog,4.0,likes,,,,,,,,,,,,,,,,,,,,,,,,,,,,,,,,,,,
cooccurrence_neighbors,,,,,,,,,,,,5.0,,,,,,,,,0.6172133998483676,dog,5.0,doctor,,,,,,,,,,,,,,,,,,,,,,,,,,,,,,,,,,,
word2vec_model_summary,c4-train.00000-of-01024-30K.json.gz,,,,,2.0,,,,,,2.0,52578.0,,,,,,,,,,,,w2_d100,100.0,10.0,skip-gram with negative sampling,5.0,4.0,31.65494000000035,40.11383056640625,,,,,,,,,,,,,,,,,,,,,,,,,,,
word2vec_model_summary,c4-train.00000-of-01024-30K.json.gz,,,,,2.0,,,,,,5.0,52578.0,,,,,,,,,,,,w5_d50,50.0,10.0,skip-gram with negative sampling,5.0,4.0,42.09329600000001,20.056915283203125,,,,,,,,,,,,,,,,,,,,,,,,,,,
word2vec_model_summary,c4-train.00000-of-01024-30K.json.gz,,,,,2.0,,,,,,5.0,52578.0,,,,,,,,,,,,w5_d100,100.0,10.0,skip-gram with negative sampling,5.0,4.0,46.16564799999969,40.11383056640625,,,,,,,,,,,,,,,,,,,,,,,,,,,
word2vec_model_summary,c4-train.00000-of-01024-30K.json.gz,,,,,2.0,,,,,,5.0,52578.0,,,,,,,,,,,,w5_d300,300.0,10.0,skip-gram with negative sampling,5.0,4.0,96.4856890000001,120.34149169921875,,,,,,,,,,,,,,,,,,,,,,,,,,,
word2vec_model_summary,c4-train.00000-of-01024-30K.json.gz,,,,,2.0,,,,,,10.0,52578.0,,,,,,,,,,,,w10_d100,100.0,10.0,skip-gram with negative sampling,5.0,4.0,74.77492409999968,40.11383056640625,,,,,,,,,,,,,,,,,,,,,,,,,,,
inspect_neighbors,,,,,,,,,,,,,,,,,,,,,0.7572243809700012,doctor,1.0,surgeon,,,,,,,,,274.0,117.0,,,,,,,,,,,,,,,,,,,,,,,,,
inspect_neighbors,,,,,,,,,,,,,,,,,,,,,0.720255434513092,doctor,2.0,dentist,,,,,,,,,274.0,51.0,,,,,,,,,,,,,,,,,,,,,,,,,
inspect_neighbors,,,,,,,,,,,,,,,,,,,,,0.7095149159431458,doctor,3.0,physician,,,,,,,,,274.0,86.0,,,,,,,,,,,,,,,,,,,,,,,,,
inspect_neighbors,,,,,,,,,,,,,,,,,,,,,0.6948574185371399,doctor,4.0,ophthalmologist,,,,,,,,,274.0,10.0,,,,,,,,,,,,,,,,,,,,,,,,,
inspect_neighbors,,,,,,,,,,,,,,,,,,,,,0.6911662220954895,doctor,5.0,veterinarian,,,,,,,,,274.0,20.0,,,,,,,,,,,,,,,,,,,,,,,,,
inspect_neighbors,,,,,,,,,,,,,,,,,,,,,0.6310120224952698,hospital,1.0,icu,,,,,,,,,346.0,6.0,,,,,,,,,,,,,,,,,,,,,,,,,
inspect_neighbors,,,,,,,,,,,,,,,,,,,,,0.6257534623146057,hospital,2.0,clinic,,,,,,,,,346.0,111.0,,,,,,,,,,,,,,,,,,,,,,,,,
inspect_neighbors,,,,,,,,,,,,,,,,,,,,,0.6252619624137878,hospital,3.0,rehab,,,,,,,,,346.0,26.0,,,,,,,,,,,,,,,,,,,,,,,,,
inspect_neighbors,,,,,,,,,,,,,,,,,,,,,0.6244571805000305,hospital,4.0,psychiatric,,,,,,,,,346.0,14.0,,,,,,,,,,,,,,,,,,,,,,,,,
inspect_neighbors,,,,,,,,,,,,,,,,,,,,,0.6225869059562683,hospital,5.0,uc,,,,,,,,,346.0,22.0,,,,,,,,,,,,,,,,,,,,,,,,,
inspect_neighbors,,,,,,,,,,,,,,,,,,,,,0.6545805931091309,patient,1.0,client,,,,,,,,,334.0,560.0,,,,,,,,,,,,,,,,,,,,,,,,,
inspect_neighbors,,,,,,,,,,,,,,,,,,,,,0.6523032784461975,patient,2.0,medication,,,,,,,,,334.0,82.0,,,,,,,,,,,,,,,,,,,,,,,,,
inspect_neighbors,,,,,,,,,,,,,,,,,,,,,0.6383206844329834,patient,3.0,diagnosis,,,,,,,,,334.0,96.0,,,,,,,,,,,,,,,,,,,,,,,,,
inspect_neighbors,,,,,,,,,,,,,,,,,,,,,0.6305714845657349,patient,4.0,patients,,,,,,,,,334.0,536.0,,,,,,,,,,,,,,,,,,,,,,,,,
inspect_neighbors,,,,,,,,,,,,,,,,,,,,,0.6237073540687561,patient,5.0,confirmatory,,,,,,,,,334.0,5.0,,,,,,,,,,,,,,,,,,,,,,,,,
inspect_neighbors,,,,,,,,,,,,,,,,,,,,,0.7509025931358337,disease,1.0,autoimmune,,,,,,,,,360.0,11.0,,,,,,,,,,,,,,,,,,,,,,,,,
inspect_neighbors,,,,,,,,,,,,,,,,,,,,,0.7349367737770081,disease,2.0,degenerative,,,,,,,,,360.0,8.0,,,,,,,,,,,,,,,,,,,,,,,,,
inspect_neighbors,,,,,,,,,,,,,,,,,,,,,0.7338035702705383,disease,3.0,neuron,,,,,,,,,360.0,14.0,,,,,,,,,,,,,,,,,,,,,,,,,
inspect_neighbors,,,,,,,,,,,,,,,,,,,,,0.7335036993026733,disease,4.0,infection,,,,,,,,,360.0,92.0,,,,,,,,,,,,,,,,,,,,,,,,,
inspect_neighbors,,,,,,,,,,,,,,,,,,,,,0.7289977073669434,disease,5.0,chronic,,,,,,,,,360.0,108.0,,,,,,,,,,,,,,,,,,,,,,,,,
inspect_neighbors,,,,,,,,,,,,,,,,,,,,,0.6858821511268616,computer,1.0,device,,,,,,,,,594.0,374.0,,,,,,,,,,,,,,,,,,,,,,,,,
inspect_neighbors,,,,,,,,,,,,,,,,,,,,,0.679072380065918,computer,2.0,vhs,,,,,,,,,594.0,15.0,,,,,,,,,,,,,,,,,,,,,,,,,
inspect_neighbors,,,,,,,,,,,,,,,,,,,,,0.6780133247375488,computer,3.0,computers,,,,,,,,,594.0,116.0,,,,,,,,,,,,,,,,,,,,,,,,,
inspect_neighbors,,,,,,,,,,,,,,,,,,,,,0.6762377023696899,computer,4.0,defraggler,,,,,,,,,594.0,11.0,,,,,,,,,,,,,,,,,,,,,,,,,
inspect_neighbors,,,,,,,,,,,,,,,,,,,,,0.6729602813720703,computer,5.0,emachines,,,,,,,,,594.0,7.0,,,,,,,,,,,,,,,,,,,,,,,,,
inspect_neighbors,,,,,,,,,,,,,,,,,,,,,0.86472487449646,football,1.0,replica,,,,,,,,,512.0,155.0,,,,,,,,,,,,,,,,,,,,,,,,,
inspect_neighbors,,,,,,,,,,,,,,,,,,,,,0.78152996301651,football,2.0,shirt,,,,,,,,,512.0,261.0,,,,,,,,,,,,,,,,,,,,,,,,,
inspect_neighbors,,,,,,,,,,,,,,,,,,,,,0.7810736298561096,football,3.0,shirts,,,,,,,,,512.0,152.0,,,,,,,,,,,,,,,,,,,,,,,,,
inspect_neighbors,,,,,,,,,,,,,,,,,,,,,0.7326833009719849,football,4.0,thcheap,,,,,,,,,512.0,20.0,,,,,,,,,,,,,,,,,,,,,,,,,
inspect_neighbors,,,,,,,,,,,,,,,,,,,,,0.7022556662559509,football,5.0,shirtr,,,,,,,,,512.0,7.0,,,,,,,,,,,,,,,,,,,,,,,,,
inspect_neighbors,,,,,,,,,,,,,,,,,,,,,0.7233861088752747,banana,1.0,brownie,,,,,,,,,41.0,7.0,,,,,,,,,,,,,,,,,,,,,,,,,
inspect_neighbors,,,,,,,,,,,,,,,,,,,,,0.7197132706642151,banana,2.0,strawberries,,,,,,,,,41.0,28.0,,,,,,,,,,,,,,,,,,,,,,,,,
inspect_neighbors,,,,,,,,,,,,,,,,,,,,,0.7123648524284363,banana,3.0,tomato,,,,,,,,,41.0,36.0,,,,,,,,,,,,,,,,,,,,,,,,,
inspect_neighbors,,,,,,,,,,,,,,,,,,,,,0.7043241858482361,banana,4.0,diced,,,,,,,,,41.0,12.0,,,,,,,,,,,,,,,,,,,,,,,,,
inspect_neighbors,,,,,,,,,,,,,,,,,,,,,0.7041211724281311,banana,5.0,onions,,,,,,,,,41.0,51.0,,,,,,,,,,,,,,,,,,,,,,,,,
doctor_corpus_evidence,,,,,,,,,,,,,,,,,,,,,,doctor,,surgeon,,,,,,,,,,,6.0,2.0,131.0,eye:18 | ask:6 | lasik:6 | speak:4 | surgery:4 | said:4 | ideal:3 | best:3 | make:2 | check:2,eye:18 | talk:9 | care:9 | health:8 | need:8 | order:8 | doctor:8 | consult:8 | skin:7 | ask:6,lasik:22 | eye:20 | surgery:7 | plastic:6 | ask:6 | best:5 | said:4 | expert:4 | discover:4 | speak:4,over the next two days i saw my first eye doctor at the casey eye institute and then a facial reconstruction ent surgeon || when you re considering lasik you will want to speak to your present eye doctor to learn if you re an excellent candidate and receive a referral to an eye surgeon || you should make certain the surgeon is well qualified if you would like to get the ideal eye doctor,,,,,,,,,,,,,,,,,,
doctor_corpus_evidence,,,,,,,,,,,,,,,,,,,,,,doctor,,physician,,,,,,,,,,,0.0,0.0,112.0,care:9 | medical:6 | health:5 | advice:4 | said:3 | nurse:2 | having:2 | need:2 | medicine:2 | help:2,eye:18 | talk:9 | care:9 | health:8 | need:8 | order:8 | doctor:8 | consult:8 | skin:7 | ask:6,care:12 | medical:6 | health:5 | family:4 | india:4 | advice:4 | attending:3 | clinical:3 | assistant:3 | nurse:3,,,,,,,,,,,,,,,,,,,
doctor_corpus_evidence,,,,,,,,,,,,,,,,,,,,,,doctor,,dentist,,,,,,,,,,,1.0,1.0,54.0,visit:4 | important:3 | best:2 | tell:2 | recommend:2 | treatment:2 | don't:1 | visits:1 | need:1 | make:1,eye:18 | talk:9 | care:9 | health:8 | need:8 | order:8 | doctor:8 | consult:8 | skin:7 | ask:6,visit:4 | dental:3 | visiting:3 | cavities:3 | important:3 | weatherford:3 | best:2 | photography:2 | experience:2 | tell:2,talk with your doctor and dentist before the visit about the best way to take care of your blood glucose during dental work,,,,,,,,,,,,,,,,,,
doctor_corpus_evidence,,,,,,,,,,,,,,,,,,,,,,doctor,,veterinarian,,,,,,,,,,,0.0,0.0,23.0,visit:2 | consult:2 | use:1 | visits:1 | make:1 | blood:1 | perform:1 | physical:1 | sample:1 | able:1,eye:18 | talk:9 | care:9 | health:8 | need:8 | order:8 | doctor:8 | consult:8 | skin:7 | ask:6,consult:2 | visit:2 | animal:2 | elliott:2 | perform:1 | thorough:1 | physical:1 | draw:1 | blood:1 | working:1,,,,,,,,,,,,,,,,,,,
doctor_corpus_evidence,,,,,,,,,,,,,,,,,,,,,,doctor,,ophthalmologist,,,,,,,,,,,0.0,0.0,17.0,tell:2 | speak:1 | talk:1 | effective:1 | visit:1 | consult:1 | lasik:1 | learn:1 | skilled:1 | procedure:1,eye:18 | talk:9 | care:9 | health:8 | need:8 | order:8 | doctor:8 | consult:8 | skin:7 | ask:6,depth:2 | tell:2 | discussion:1 | opt:1 | talk:1 | optometrist:1 | wish:1 | understand:1 | important:1 | consult:1,,,,,,,,,,,,,,,,,,,
window_similarity,,,,,,,,,,,,2.0,,,,,,,doctor,physician,0.7370020747184753,,,,w2_d100,,,,,,,,,,,,,,,,,,,,,,,,,,,,,,,,,,
window_similarity,,,,,,,,,,,,2.0,,,,,,,doctor,hospital,0.574170708656311,,,,w2_d100,,,,,,,,,,,,,,,,,,,,,,,,,,,,,,,,,,
window_similarity,,,,,,,,,,,,2.0,,,,,,,cat,dog,0.5562853813171387,,,,w2_d100,,,,,,,,,,,,,,,,,,,,,,,,,,,,,,,,,,
window_similarity,,,,,,,,,,,,5.0,,,,,,,doctor,physician,0.7095149159431458,,,,w5_d100,,,,,,,,,,,,,,,,,,,,,,,,,,,,,,,,,,
window_similarity,,,,,,,,,,,,5.0,,,,,,,doctor,hospital,0.5378793478012085,,,,w5_d100,,,,,,,,,,,,,,,,,,,,,,,,,,,,,,,,,,
window_similarity,,,,,,,,,,,,5.0,,,,,,,cat,dog,0.5444296002388,,,,w5_d100,,,,,,,,,,,,,,,,,,,,,,,,,,,,,,,,,,
window_similarity,,,,,,,,,,,,10.0,,,,,,,doctor,physician,0.6668944358825684,,,,w10_d100,,,,,,,,,,,,,,,,,,,,,,,,,,,,,,,,,,
window_similarity,,,,,,,,,,,,10.0,,,,,,,doctor,hospital,0.48189225792884827,,,,w10_d100,,,,,,,,,,,,,,,,,,,,,,,,,,,,,,,,,,
window_similarity,,,,,,,,,,,,10.0,,,,,,,cat,dog,0.44814014434814453,,,,w10_d100,,,,,,,,,,,,,,,,,,,,,,,,,,,,,,,,,,
dimension_summary,,,,,,,,,,,,,,,,,,,,,,,,,w5_d50,,,,,,42.09329600000001,20.056915283203125,,,,,,,,,,50.0,0.8478178,0.6983355,queen,queen,0.7364934682846069,1.0,1.0,1.0,,,,,,,,,
dimension_summary,,,,,,,,,,,,,,,,,,,,,,,,,w5_d100,,,,,,46.16564799999969,40.11383056640625,,,,,,,,,,100.0,0.7095149,0.53787935,queen,queen,0.5655959844589233,1.0,1.0,1.0,,,,,,,,,
dimension_summary,,,,,,,,,,,,,,,,,,,,,,,,,w5_d300,,,,,,96.4856890000001,120.34149169921875,,,,,,,,,,300.0,0.58224803,0.41593707,queen,queen,0.47312209010124207,1.0,1.0,1.0,,,,,,,,,
word_similarity,,,,,,,,,,,,,,,,,,,doctor,physician,0.7095149159431458,,1.0,,,,,,,,,,,,,,,,,,,,,,,,,,,,True,,,,,,,,
word_similarity,,,,,,,,,,,,,,,,,,,king,queen,0.6658190488815308,,2.0,,,,,,,,,,,,,,,,,,,,,,,,,,,,True,,,,,,,,
word_similarity,,,,,,,,,,,,,,,,,,,car,automobile,0.6476583480834961,,3.0,,,,,,,,,,,,,,,,,,,,,,,,,,,,True,,,,,,,,
word_similarity,,,,,,,,,,,,,,,,,,,cat,dog,0.5444296002388,,4.0,,,,,,,,,,,,,,,,,,,,,,,,,,,,True,,,,,,,,
word_similarity,,,,,,,,,,,,,,,,,,,computer,banana,0.03209323063492775,,5.0,,,,,,,,,,,,,,,,,,,,,,,,,,,,True,,,,,,,,
analogy,,,,,,,,,,,,,,,,,,,,,0.5655959844589233,,1.0,,,,,,,,,,,,,,,,,,,,,,,,,,,,,king - man + woman,queen,queen,True,,,,
analogy,,,,,,,,,,,,,,,,,,,,,0.5048043727874756,,2.0,,,,,,,,,,,,,,,,,,,,,,,,,,,,,king - man + woman,bedding,queen,False,,,,
analogy,,,,,,,,,,,,,,,,,,,,,0.49867215752601624,,3.0,,,,,,,,,,,,,,,,,,,,,,,,,,,,,king - man + woman,headboard,queen,False,,,,
analogy,,,,,,,,,,,,,,,,,,,,,0.49759069085121155,,4.0,,,,,,,,,,,,,,,,,,,,,,,,,,,,,king - man + woman,chaps,queen,False,,,,
analogy,,,,,,,,,,,,,,,,,,,,,0.4876564145088196,,5.0,,,,,,,,,,,,,,,,,,,,,,,,,,,,,king - man + woman,princess,queen,False,,,,
analogy,,,,,,,,,,,,,,,,,,,,,0.5737609267234802,,1.0,,,,,,,,,,,,,,,,,,,,,,,,,,,,,paris - france + italy,tuscany,rome,False,,,,
analogy,,,,,,,,,,,,,,,,,,,,,0.5489345788955688,,2.0,,,,,,,,,,,,,,,,,,,,,,,,,,,,,paris - france + italy,hampshire,rome,False,,,,
analogy,,,,,,,,,,,,,,,,,,,,,0.536456823348999,,3.0,,,,,,,,,,,,,,,,,,,,,,,,,,,,,paris - france + italy,vermont,rome,False,,,,
analogy,,,,,,,,,,,,,,,,,,,,,0.5322819948196411,,4.0,,,,,,,,,,,,,,,,,,,,,,,,,,,,,paris - france + italy,piazza,rome,False,,,,
analogy,,,,,,,,,,,,,,,,,,,,,0.5306347608566284,,5.0,,,,,,,,,,,,,,,,,,,,,,,,,,,,,paris - france + italy,loughrea,rome,False,,,,
semantic_search,,,,,,,,,,,,,,,,,,,,,0.8149831295013428,medical treatment,1.0,,,,,,,,,,,,,,,,,,,,,,,,,,,,,,,,True,D1,a doctor provides medical treatment to a patient in a hospital,D1,
semantic_search,,,,,,,,,,,,,,,,,,,,,0.721356987953186,medical treatment,2.0,,,,,,,,,,,,,,,,,,,,,,,,,,,,,,,,False,D2,clinical therapy can help treat a serious disease,D1,
semantic_search,,,,,,,,,,,,,,,,,,,,,0.49738314747810364,medical treatment,3.0,,,,,,,,,,,,,,,,,,,,,,,,,,,,,,,,False,D3,a mechanic repairs a car and automobile engine,D1,
semantic_search,,,,,,,,,,,,,,,,,,,,,0.44744157791137695,medical treatment,4.0,,,,,,,,,,,,,,,,,,,,,,,,,,,,,,,,False,D6,computer software processes digital information,D1,
semantic_search,,,,,,,,,,,,,,,,,,,,,0.4245617091655731,medical treatment,5.0,,,,,,,,,,,,,,,,,,,,,,,,,,,,,,,,False,D5,a banana is a yellow fruit rich in nutrients,D1,
semantic_search,,,,,,,,,,,,,,,,,,,,,0.29371994733810425,medical treatment,6.0,,,,,,,,,,,,,,,,,,,,,,,,,,,,,,,,False,D4,the football team won the game and match,D1,
semantic_search,,,,,,,,,,,,,,,,,,,,,0.7792578339576721,car repair,1.0,,,,,,,,,,,,,,,,,,,,,,,,,,,,,,,,True,D3,a mechanic repairs a car and automobile engine,D3,
semantic_search,,,,,,,,,,,,,,,,,,,,,0.4847783148288727,car repair,2.0,,,,,,,,,,,,,,,,,,,,,,,,,,,,,,,,False,D1,a doctor provides medical treatment to a patient in a hospital,D3,
semantic_search,,,,,,,,,,,,,,,,,,,,,0.47520220279693604,car repair,3.0,,,,,,,,,,,,,,,,,,,,,,,,,,,,,,,,False,D2,clinical therapy can help treat a serious disease,D3,
semantic_search,,,,,,,,,,,,,,,,,,,,,0.434184730052948,car repair,4.0,,,,,,,,,,,,,,,,,,,,,,,,,,,,,,,,False,D6,computer software processes digital information,D3,
semantic_search,,,,,,,,,,,,,,,,,,,,,0.42072856426239014,car repair,5.0,,,,,,,,,,,,,,,,,,,,,,,,,,,,,,,,False,D4,the football team won the game and match,D3,
semantic_search,,,,,,,,,,,,,,,,,,,,,0.3171081244945526,car repair,6.0,,,,,,,,,,,,,,,,,,,,,,,,,,,,,,,,False,D5,a banana is a yellow fruit rich in nutrients,D3,
semantic_search,,,,,,,,,,,,,,,,,,,,,0.8422935605049133,football game,1.0,,,,,,,,,,,,,,,,,,,,,,,,,,,,,,,,True,D4,the football team won the game and match,D4,
semantic_search,,,,,,,,,,,,,,,,,,,,,0.3901364505290985,football game,2.0,,,,,,,,,,,,,,,,,,,,,,,,,,,,,,,,False,D3,a mechanic repairs a car and automobile engine,D4,
semantic_search,,,,,,,,,,,,,,,,,,,,,0.36316195130348206,football game,3.0,,,,,,,,,,,,,,,,,,,,,,,,,,,,,,,,False,D5,a banana is a yellow fruit rich in nutrients,D4,
semantic_search,,,,,,,,,,,,,,,,,,,,,0.3206009566783905,football game,4.0,,,,,,,,,,,,,,,,,,,,,,,,,,,,,,,,False,D6,computer software processes digital information,D4,
semantic_search,,,,,,,,,,,,,,,,,,,,,0.30190718173980713,football game,5.0,,,,,,,,,,,,,,,,,,,,,,,,,,,,,,,,False,D1,a doctor provides medical treatment to a patient in a hospital,D4,
semantic_search,,,,,,,,,,,,,,,,,,,,,0.24811312556266785,football game,6.0,,,,,,,,,,,,,,,,,,,,,,,,,,,,,,,,False,D2,clinical therapy can help treat a serious disease,D4,
semantic_search,,,,,,,,,,,,,,,,,,,,,0.8969295024871826,computer software,1.0,,,,,,,,,,,,,,,,,,,,,,,,,,,,,,,,True,D6,computer software processes digital information,D6,
semantic_search,,,,,,,,,,,,,,,,,,,,,0.5645748972892761,computer software,2.0,,,,,,,,,,,,,,,,,,,,,,,,,,,,,,,,False,D3,a mechanic repairs a car and automobile engine,D6,
semantic_search,,,,,,,,,,,,,,,,,,,,,0.5141828060150146,computer software,3.0,,,,,,,,,,,,,,,,,,,,,,,,,,,,,,,,False,D2,clinical therapy can help treat a serious disease,D6,
semantic_search,,,,,,,,,,,,,,,,,,,,,0.508263349533081,computer software,4.0,,,,,,,,,,,,,,,,,,,,,,,,,,,,,,,,False,D1,a doctor provides medical treatment to a patient in a hospital,D6,
semantic_search,,,,,,,,,,,,,,,,,,,,,0.46453356742858887,computer software,5.0,,,,,,,,,,,,,,,,,,,,,,,,,,,,,,,,False,D4,the football team won the game and match,D6,
semantic_search,,,,,,,,,,,,,,,,,,,,,0.3605281412601471,computer software,6.0,,,,,,,,,,,,,,,,,,,,,,,,,,,,,,,,False,D5,a banana is a yellow fruit rich in nutrients,D6,
similarity_candidates,,,,,,,,,,,,,,,,,,,,,0.7572243809700012,doctor,1.0,surgeon,,,,,,,,,274.0,117.0,6.0,2.0,131.0,eye:18 | ask:6 | lasik:6 | speak:4 | surgery:4 | said:4 | ideal:3 | best:3 | make:2 | check:2,,,,,,,,,,,,,,,,,,,,,over the next two days i saw my first eye doctor at the casey eye institute and then a facial reconstruction ent surgeon
similarity_candidates,,,,,,,,,,,,,,,,,,,,,0.720255434513092,doctor,2.0,dentist,,,,,,,,,274.0,51.0,1.0,1.0,54.0,visit:4 | important:3 | best:2 | tell:2 | recommend:2 | treatment:2 | don't:1 | visits:1 | need:1 | make:1,,,,,,,,,,,,,,,,,,,,,talk with your doctor and dentist before the visit about the best way to take care of your blood glucose during dental work
similarity_candidates,,,,,,,,,,,,,,,,,,,,,0.7095149159431458,doctor,3.0,physician,,,,,,,,,274.0,86.0,0.0,0.0,112.0,care:9 | medical:6 | health:5 | advice:4 | said:3 | nurse:2 | having:2 | need:2 | medicine:2 | help:2,,,,,,,,,,,,,,,,,,,,,
similarity_candidates,,,,,,,,,,,,,,,,,,,,,0.6948574185371399,doctor,4.0,ophthalmologist,,,,,,,,,274.0,10.0,0.0,0.0,17.0,tell:2 | speak:1 | talk:1 | effective:1 | visit:1 | consult:1 | lasik:1 | learn:1 | skilled:1 | procedure:1,,,,,,,,,,,,,,,,,,,,,
similarity_candidates,,,,,,,,,,,,,,,,,,,,,0.6911662220954895,doctor,5.0,veterinarian,,,,,,,,,274.0,20.0,0.0,0.0,23.0,visit:2 | consult:2 | use:1 | visits:1 | make:1 | blood:1 | perform:1 | physical:1 | sample:1 | able:1,,,,,,,,,,,,,,,,,,,,,
similarity_candidates,,,,,,,,,,,,,,,,,,,,,0.6837258338928223,doctor,6.0,medication,,,,,,,,,274.0,82.0,4.0,1.0,82.0,patient:3 | treatment:3 | health:2 | make:2 | order:2 | including:2 | eye:2 | help:2 | appropriate:2 | care:2,,,,,,,,,,,,,,,,,,,,,the app is responsible for your medication including what kind and how much you take as well as managing your symptoms concerns doctor visits etc
similarity_candidates,,,,,,,,,,,,,,,,,,,,,0.6543602347373962,doctor,7.0,doctors,,,,,,,,,274.0,144.0,3.0,2.0,145.0,medical:6 | lasik:5 | said:4 | use:3 | make:3 | levels:3 | eye:3 | help:3 | best:3 | told:3,,,,,,,,,,,,,,,,,,,,,simple and effective workflows designed by a doctor for doctors including intuitive layouts with relevant patient information available at a glance
similarity_candidates,,,,,,,,,,,,,,,,,,,,,0.6422632336616516,doctor,8.0,diabetic,,,,,,,,,274.0,31.0,2.0,1.0,41.0,eye:6 | surgery:3 | care:2 | symptoms:2 | important:2 | doesn:2 | health:1 | prevent:1 | need:1 | make:1,,,,,,,,,,,,,,,,,,,,,i ve tried the normal calorie amounts i ve been given from the doctor and diabetic dietician and that doesn t work so i ve got to go lower
similarity_candidates,,,,,,,,,,,,,,,,,,,,,0.640876829624176,doctor,9.0,surgery,,,,,,,,,274.0,440.0,8.0,4.0,269.0,eye:18 | need:8 | lasik:6 | make:4 | better:4 | doctor:4 | patient:4 | surgery:4 | like:4 | care:4,,,,,,,,,,,,,,,,,,,,,now you must visit the lasik eye surgery doctor to see whether you re a candidate for lasik
similarity_candidates,,,,,,,,,,,,,,,,,,,,,0.6404579281806946,doctor,10.0,refractive,,,,,,,,,274.0,20.0,0.0,0.0,28.0,surgery:4 | lasik:3 | surgeon:2 | like:2 | need:1 | eye:1 | help:1 | discuss:1 | procedure:1 | supply:1,,,,,,,,,,,,,,,,,,,,,
similarity_candidates,,,,,,,,,,,,,,,,,,,,,0.6310120224952698,hospital,1.0,icu,,,,,,,,,346.0,6.0,1.0,1.0,12.0,care:1 | hospital:1 | staff:1 | hasbro:1 | children:1 | icu:1 | gun:1 | didn't:1 | view:1 | life:1,,,,,,,,,,,,,,,,,,,,,i say some prayers for jonnie who is at the hasbro children s hospital icu after a bb gun accident on christmas eve
similarity_candidates,,,,,,,,,,,,,,,,,,,,,0.6257534623146057,hospital,2.0,clinic,,,,,,,,,346.0,111.0,7.0,4.0,142.0,health:8 | care:7 | affiliated:5 | local:5 | clinic:4 | hospital:4 | medical:3 | work:3 | center:3 | dental:3,,,,,,,,,,,,,,,,,,,,,metabolic and research clinic hospital general de ticom n ss df and mexican group for basic and clinical research in internal medicine m xico df m xico
similarity_candidates,,,,,,,,,,,,,,,,,,,,,0.6252619624137878,hospital,3.0,rehab,,,,,,,,,346.0,26.0,2.0,1.0,28.0,program:2 | need:1 | recovery:1 | taken:1 | went:1 | care:1 | work:1 | like:1 | road:1 | wednesday:1,,,,,,,,,,,,,,,,,,,,,it was a good rehab facility great care but set up where people stayed in their rooms like a hospital between therapies no common area and since i was infective i was in a private room not a horrible thing but friggin isolated
similarity_candidates,,,,,,,,,,,,,,,,,,,,,0.6244571805000305,hospital,4.0,psychiatric,,,,,,,,,346.0,14.0,1.0,1.0,30.0,health:3 | medical:2 | treatment:2 | clinic:2 | facilities:2 | rehabilitation:1 | schools:1 | factors:1 | care:1 | research:1,,,,,,,,,,,,,,,,,,,,,before 1983 when yvonne van amerongen started working for the nursing home hogewey she worked in a hospital for psychiatric diseases and in a rehabilitation center
similarity_candidates,,,,,,,,,,,,,,,,,,,,,0.6225869059562683,hospital,5.0,uc,,,,,,,,,346.0,22.0,1.0,0.0,32.0,health:3 | medical:2 | san:2 | school:2 | university:1 | went:1 | time:1 | public:1 | research:1 | clinical:1,,,,,,,,,,,,,,,,,,,,,john crawford is the director of pediatric neuro oncology and the director of the pediatric neurology fellowship program at rady children's hospital san diego as well as an associate clinical professor of clinical neurosciences and pediatrics at uc san diego school of medicine
similarity_candidates,,,,,,,,,,,,,,,,,,,,,0.6217206120491028,hospital,6.0,navicent,,,,,,,,,346.0,5.0,0.0,0.0,15.0,health:5 | medical:3 | center:3 | beds:1 | affiliated:1 | received:1 | dedicated:1,,,,,,,,,,,,,,,,,,,,,
similarity_candidates,,,,,,,,,,,,,,,,,,,,,0.6210982799530029,hospital,7.0,veterinary,,,,,,,,,346.0,24.0,4.0,3.0,50.0,care:6 | medical:3 | hospital:3 | animal:2 | veterinary:2 | university:1 | health:1 | away:1 | work:1 | center:1,,,,,,,,,,,,,,,,,,,,,by rachele baker dvm one morning this past week at the veterinary hospital where i was working as a relief veterinarian a six month old jack russell terrier puppy named bitsy was brought in for diarrhea and vomiting
similarity_candidates,,,,,,,,,,,,,,,,,,,,,0.6187632083892822,hospital,8.0,physician,,,,,,,,,346.0,86.0,2.0,1.0,99.0,care:12 | medical:6 | health:5 | said:3 | need:2 | attending:2 | time:2 | treated:2 | medicine:2 | way:2,,,,,,,,,,,,,,,,,,,,,your attending physician at the hospital may also share reports or summaries of your treatment at the hospital with other physicians and health care providers involved in your care to ensure they are aware of treatments or medications that may affect your ongoing care
similarity_candidates,,,,,,,,,,,,,,,,,,,,,0.6165479421615601,hospital,9.0,chiropractic,,,,,,,,,346.0,41.0,2.0,1.0,60.0,care:14 | center:4 | clinic:3 | services:3 | health:2 | practice:2 | family:2 | injury:1 | patients:1 | continuing:1,,,,,,,,,,,,,,,,,,,,,our animal hospital offers veterinary chiropractic care
similarity_candidates,,,,,,,,,,,,,,,,,,,,,0.614764392375946,hospital,10.0,lakeshore,,,,,,,,,346.0,5.0,1.0,1.0,8.0,sessions:1 | distance:1 | road:1 | hospital:1 | cardiologist:1 | knew:1 | lifestyle:1 | district:1,,,,,,,,,,,,,,,,,,,,,following a visit with a cardiologist at the lakeshore hospital he knew his lifestyle was about to change
similarity_candidates,,,,,,,,,,,,,,,,,,,,,0.6545805931091309,patient,1.0,client,,,,,,,,,334.0,560.0,3.0,3.0,394.0,including:9 | information:8 | management:7 | care:5 | time:5 | service:5 | provide:4 | experience:4 | make:4 | number:4,,,,,,,,,,,,,,,,,,,,,a patient or client s name clinical records other information about their health social financial circumstances and about what takes place in the home shall be kept confidential and shall be released only as required by law or authorized by the patient or client
similarity_candidates,,,,,,,,,,,,,,,,,,,,,0.6523032784461975,patient,2.0,medication,,,,,,,,,334.0,82.0,4.0,3.0,111.0,including:3 | patient:3 | treatment:3 | oral:3 | work:2 | health:2 | care:2 | safety:2 | education:2 | time:2,,,,,,,,,,,,,,,,,,,,,this commentary discusses safety concerns in dialysis facilities including medication errors patient falls and health care associated infections
similarity_candidates,,,,,,,,,,,,,,,,,,,,,0.6383206844329834,patient,3.0,diagnosis,,,,,,,,,334.0,96.0,4.0,1.0,118.0,treatment:6 | medical:4 | symptoms:4 | cancer:3 | clinical:3 | new:3 | heart:3 | care:2 | things:2 | time:2,,,,,,,,,,,,,,,,,,,,,2 2009 healthday news the length of time a patient has to wait between lung cancer diagnosis and treatment is influenced by a number of health care system factors a new u s
similarity_candidates,,,,,,,,,,,,,,,,,,,,,0.6305714845657349,patient,4.0,patients,,,,,,,,,334.0,536.0,12.0,1.0,458.0,care:19 | medical:8 | health:7 | information:6 | outcomes:6 | treatment:6 | time:5 | experience:5 | surgery:4 | data:4,,,,,,,,,,,,,,,,,,,,,certain areas of medicine rely heavily on these images to explain procedures to patients clearly demonstrate the progress a patient has made and showcase the doctor s skills with before and after images
similarity_candidates,,,,,,,,,,,,,,,,,,,,,0.6237073540687561,patient,5.0,confirmatory,,,,,,,,,334.0,5.0,0.0,0.0,7.0,health:1 | outcomes:1 | procedure:1 | typically:1 | offered:1 | approach:1 | examination:1,,,,,,,,,,,,,,,,,,,,,
similarity_candidates,,,,,,,,,,,,,,,,,,,,,0.6216208338737488,patient,6.0,preventive,,,,,,,,,334.0,17.0,1.0,1.0,39.0,care:6 | health:4 | including:2 | access:1 | alerts:1 | enhance:1 | fact:1 | based:1 | services:1 | help:1,,,,,,,,,,,,,,,,,,,,,access to actions reminders and preventive health alerts to enhance patient care including configurable pop up prompts
similarity_candidates,,,,,,,,,,,,,,,,,,,,,0.6186716556549072,patient,7.0,physician,,,,,,,,,334.0,86.0,6.0,1.0,107.0,care:12 | medical:6 | health:5 | said:3 | clinical:3 | staff:2 | time:2 | help:2 | family:2 | need:2,,,,,,,,,,,,,,,,,,,,,in reviewing the patient's electronic medical record emr the ed physician noted a history of pe but the patient denied ever having a pulmonary embolus
similarity_candidates,,,,,,,,,,,,,,,,,,,,,0.6161561608314514,patient,8.0,wellbeing,,,,,,,,,334.0,31.0,0.0,0.0,53.0,health:7 | safety:3 | support:2 | financial:2 | care:1 | overall:1 | differences:1 | enhance:1 | loss:1 | help:1,,,,,,,,,,,,,,,,,,,,,
similarity_candidates,,,,,,,,,,,,,,,,,,,,,0.6134788990020752,patient,9.0,orthotics,,,,,,,,,334.0,3.0,0.0,0.0,7.0,dental:2 | work:1 | support:1 | really:1 | skeletal:1 | social:1,,,,,,,,,,,,,,,,,,,,,
similarity_candidates,,,,,,,,,,,,,,,,,,,,,0.606704831123352,patient,10.0,child,,,,,,,,,334.0,688.0,2.0,0.0,399.0,care:14 | health:7 | time:5 | experience:5 | including:4 | education:4 | provide:4 | make:4 | year:4 | number:4,,,,,,,,,,,,,,,,,,,,,i remember my grandad as an endlessly inventive man always coming up with new schemes or ideas for me as a child growing up he was a wondeful grandfather to have kind patient clever and generous
similarity_candidates,,,,,,,,,,,,,,,,,,,,,0.7509025931358337,disease,1.0,autoimmune,,,,,,,,,360.0,11.0,4.0,3.0,39.0,diseases:5 | disease:3 | disorder:2 | chronic:2 | disorders:2 | health:1 | stage:1 | screen:1 | celiac:1 | caused:1,,,,,,,,,,,,,,,,,,,,,celiac rapid blood test a skin prick test to screen for celiac disease an autoimmune disorder caused by the consumption of gluten a protein found in wheat
similarity_candidates,,,,,,,,,,,,,,,,,,,,,0.7349367737770081,disease,2.0,degenerative,,,,,,,,,360.0,8.0,3.0,4.0,29.0,disease:4 | diseases:2 | conditions:2 | heart:1 | diabetes:1 | damage:1 | cause:1 | autoimmune:1 | arthritis:1 | chronic:1,,,,,,,,,,,,,,,,,,,,,bruce fife coconut oil can help protect you from heart disease cancer and other degenerative conditions
similarity_candidates,,,,,,,,,,,,,,,,,,,,,0.7338035702705383,disease,3.0,neuron,,,,,,,,,360.0,14.0,7.0,8.0,57.0,motor:9 | disease:8 | disorders:3 | diseases:2 | sclerosis:2 | lateral:2 | used:1 | listed:1 | possible:1 | common:1,,,,,,,,,,,,,,,,,,,,,some examples of neurodegenerative conditions are alzheimer s disease and other dementias parkinson s disease and other parkinson s related disorders prion disease and other neuro infectious disorders motor neuron diseases huntington disease spinocerebellar ataxia sca and spinal muscular atrophy
similarity_candidates,,,,,,,,,,,,,,,,,,,,,0.7335036993026733,disease,4.0,infection,,,,,,,,,360.0,92.0,3.0,0.0,143.0,risk:7 | chronic:6 | control:4 | prevent:3 | treatment:3 | treat:3 | symptoms:3 | type:3 | encephalitis:2 | including:2,,,,,,,,,,,,,,,,,,,,,caused by two strains of the human papilloma virus hpv a sexually transmitted infection acquired at or before birth the incurable disease causes benign tumors in the respiratory tract most commonly in the larynx
similarity_candidates,,,,,,,,,,,,,,,,,,,,,0.7289977073669434,disease,5.0,chronic,,,,,,,,,360.0,108.0,15.0,13.0,205.0,patients:15 | disease:13 | diseases:7 | pulmonary:6 | health:5 | treatment:5 | heart:4 | people:4 | symptoms:4 | kidney:4,,,,,,,,,,,,,,,,,,,,,atorvastatin improves endothelial progenitor cell function and reduces pulmonary hypertension in patients with chronic pulmonary heart disease
similarity_candidates,,,,,,,,,,,,,,,,,,,,,0.7258426547050476,disease,6.0,diseases,,,,,,,,,360.0,132.0,12.0,10.0,279.0,disease:10 | gene:9 | chronic:7 | cancer:6 | diabetes:5 | rare:5 | associated:5 | treatment:5 | assocation:4 | evidence:4,,,,,,,,,,,,,,,,,,,,,ctd gene disease associations diseases associated with samd 12 gene protein from the curated ctd gene disease associations dataset
similarity_candidates,,,,,,,,,,,,,,,,,,,,,0.7258248925209045,disease,7.0,diastolic,,,,,,,,,360.0,14.0,0.0,0.0,24.0,heart:12 | control:1 | cause:1 | patients:1 | possible:1 | treatment:1 | decreased:1 | diagnosed:1 | left:1 | result:1,,,,,,,,,,,,,,,,,,,,,
similarity_candidates,,,,,,,,,,,,,,,,,,,,,0.7192907929420471,disease,8.0,syndrome,,,,,,,,,360.0,50.0,6.0,3.0,86.0,heart:4 | people:3 | bowel:3 | chronic:3 | called:3 | disease:3 | condition:2 | patients:2 | coronary:2 | common:2,,,,,,,,,,,,,,,,,,,,,your reading about the adverse implications of the disease called biometric identification syndrome spread by automatic identification and intelligence companies through likes of shri nandan nilekani is quite accurate
similarity_candidates,,,,,,,,,,,,,,,,,,,,,0.7185146808624268,disease,9.0,systolic,,,,,,,,,360.0,18.0,2.0,0.0,35.0,heart:12 | treatment:3 | patients:2 | causes:1 | control:1 | including:1 | characterized:1 | possible:1 | relationship:1 | risk:1,,,,,,,,,,,,,,,,,,,,,hypertension and diabetes also increase the risk of systolic heart failure through the increased risk of coronary artery disease and myocardial infarctions
similarity_candidates,,,,,,,,,,,,,,,,,,,,,0.7129642367362976,disease,10.0,lung,,,,,,,,,360.0,38.0,4.0,2.0,91.0,cancer:10 | heart:6 | cell:4 | diseases:3 | related:3 | diagnosed:3 | damage:2 | stage:2 | prostate:2 | patients:2,,,,,,,,,,,,,,,,,,,,,two and a half months ago i was 265 lbs taking blood pressure and cholesterol medication suffering from lung disease that prevented me from walking up a flight of stairs without losing my breath let alone working out to get in shape
similarity_candidates,,,,,,,,,,,,,,,,,,,,,0.6858821511268616,computer,1.0,device,,,,,,,,,594.0,374.0,4.0,2.0,498.0,use:17 | used:10 | using:9 | new:9 | network:8 | mobile:7 | need:5 | phone:5 | information:5 | home:5,,,,,,,,,,,,,,,,,,,,,save the file to your computer where you can upload it to your website put it in an email or save to a portable device
similarity_candidates,,,,,,,,,,,,,,,,,,,,,0.679072380065918,computer,2.0,vhs,,,,,,,,,594.0,15.0,1.0,1.0,26.0,video:3 | copy:2 | process:1 | services:1 | good:1 | computer:1 | play:1 | non:1 | dvd:1 | old:1,,,,,,,,,,,,,,,,,,,,,start the recording software which comes with the usb capture dongle on your computer and play your vhs tape from the point where you want the recording to start
similarity_candidates,,,,,,,,,,,,,,,,,,,,,0.6780133247375488,computer,3.0,computers,,,,,,,,,594.0,116.0,5.0,2.0,256.0,use:10 | gaming:7 | mobile:6 | desktop:6 | technology:5 | personal:5 | image:4 | display:4 | devices:4 | using:3,,,,,,,,,,,,,,,,,,,,,miko matsumura virtualization is a tremendous enablement technology for developers it allows a huge network of computers to appear identical to that of the developer's personal computer and therefore provides the most developer friendly abstraction layer for deployment that you can imagine the deployment configuration simply goes away
similarity_candidates,,,,,,,,,,,,,,,,,,,,,0.6762377023696899,computer,4.0,defraggler,,,,,,,,,594.0,11.0,2.0,2.0,26.0,computer:2 | work:2 | uses:1 | techniques:1 | using:1 | does:1 | download:1 | perform:1 | pro:1 | set:1,,,,,,,,,,,,,,,,,,,,,faster computer defraggler increases your computer by assembling files that are fragmented your device and organizing them more efficiently
similarity_candidates,,,,,,,,,,,,,,,,,,,,,0.6729602813720703,computer,5.0,emachines,,,,,,,,,594.0,7.0,4.0,4.0,20.0,computer:4 | 700:3 | check:1 | best:1 | experience:1 | sounds:1 | use:1 | provides:1 | help:1 | configuration:1,,,,,,,,,,,,,,,,,,,,,this emachines computer can take up to 512 mb ram with a fixed amount of 64 mb removable installed pc 100 sdram dimms
similarity_candidates,,,,,,,,,,,,,,,,,,,,,0.6706199049949646,computer,6.0,microphone,,,,,,,,,594.0,23.0,0.0,0.0,31.0,need:1 | includes:1 | equipment:1 | control:1 | modern:1 | video:1 | using:1 | used:1 | use:1 | systems:1,,,,,,,,,,,,,,,,,,,,,
similarity_candidates,,,,,,,,,,,,,,,,,,,,,0.6648925542831421,computer,7.0,laptop,,,,,,,,,594.0,139.0,10.0,14.0,255.0,computer:14 | gaming:8 | phone:7 | mobile:7 | desktop:7 | need:4 | best:4 | use:4 | good:3 | internet:3,,,,,,,,,,,,,,,,,,,,,having a gaming laptop computer with an excellent quality audio output system is essential for rising the gaming expertise
similarity_candidates,,,,,,,,,,,,,,,,,,,,,0.656160295009613,computer,8.0,notebook,,,,,,,,,594.0,31.0,1.0,0.0,49.0,windows:2 | 4741:2 | laptop:2 | matter:1 | includes:1 | links:1 | way:1 | traditional:1 | communications:1 | simply:1,,,,,,,,,,,,,,,,,,,,,it is always a good idea to have a copy somewhere else just in case your computer will not work or the forums loose it by chance or even if you loose the notebook you may have it on
similarity_candidates,,,,,,,,,,,,,,,,,,,,,0.6526503562927246,computer,9.0,assistive,,,,,,,,,594.0,3.0,0.0,0.0,10.0,technology:1 | email:1 | reading:1 | home:1 | writing:1 | microsoft:1 | improved:1 | applications:1 | outlook:1 | keyboard:1,,,,,,,,,,,,,,,,,,,,,
similarity_candidates,,,,,,,,,,,,,,,,,,,,,0.6475076675415039,computer,10.0,customizer,,,,,,,,,594.0,7.0,0.0,0.0,20.0,related:2 | save:1 | includes:1 | using:1 | section:1 | school:1 | make:1 | use:1 | image:1 | old:1,,,,,,,,,,,,,,,,,,,,,
similarity_candidates,,,,,,,,,,,,,,,,,,,,,0.86472487449646,football,1.0,replica,,,,,,,,,512.0,155.0,61.0,211.0,964.0,football:211 | shirt:140 | united:39 | replica:36 | kingdom:35 | shirts:26 | kits:23 | cheap:15 | emperor:9 | sun:9,,,,,,,,,,,,,,,,,,,,,i know that all replica football shirt demons don t france soccer jersey long sleeve really believe that thcheap football shirts cheap football shirts true
similarity_candidates,,,,,,,,,,,,,,,,,,,,,0.78152996301651,football,2.0,shirt,,,,,,,,,512.0,261.0,58.0,207.0,960.0,football:207 | replica:140 | kingdom:40 | kits:35 | shirt:34 | shirts:25 | united:21 | cheap:15 | sun:9 | moon:9,,,,,,,,,,,,,,,,,,,,,i know that all replica football shirt demons don t france soccer jersey long sleeve really believe that thcheap football shirts cheap football shirts true
similarity_candidates,,,,,,,,,,,,,,,,,,,,,0.7810736298561096,football,3.0,shirts,,,,,,,,,512.0,152.0,58.0,143.0,583.0,football:143 | cheap:44 | replica:26 | shirt:25 | thcheap:24 | shirts:16 | kits:10 | kingdom:10 | hcheap:10 | united:7,,,,,,,,,,,,,,,,,,,,,i know that all replica football shirt demons don t france soccer jersey long sleeve really believe that thcheap football shirts cheap football shirts true
similarity_candidates,,,,,,,,,,,,,,,,,,,,,0.7326833009719849,football,4.0,thcheap,,,,,,,,,512.0,20.0,19.0,32.0,123.0,football:32 | shirts:24 | replica:4 | said:3 | kits:3 | cheap:3 | united:3 | kingdom:3 | matter:3 | long:2,,,,,,,,,,,,,,,,,,,,,i know that all replica football shirt demons don t france soccer jersey long sleeve really believe that thcheap football shirts cheap football shirts true
similarity_candidates,,,,,,,,,,,,,,,,,,,,,0.7022556662559509,football,5.0,shirtr,,,,,,,,,512.0,7.0,7.0,13.0,45.0,football:13 | replica:3 | shirts:3 | oreplica:3 | cheap:2 | anoreplica:2 | whereplica:2 | time:1 | shirt:1 | demon:1,,,,,,,,,,,,,,,,,,,,,yao yao replica football shirtre cheap football shirts anoreplica football shirtr time to go
similarity_candidates,,,,,,,,,,,,,,,,,,,,,0.6916324496269226,football,6.0,yao,,,,,,,,,512.0,9.0,6.0,8.0,45.0,football:8 | replica:4 | shirt:2 | shirts:2 | cheap:2 | united:2 | kingdom:2 | yao:2 | shirtre:2 | robbery:2,,,,,,,,,,,,,,,,,,,,,yao yao replica football shirtre cheap football shirts anoreplica football shirtr time to go
similarity_candidates,,,,,,,,,,,,,,,,,,,,,0.6837348341941833,football,7.0,shirtre,,,,,,,,,512.0,6.0,6.0,13.0,44.0,football:13 | replica:6 | shirts:5 | cheap:4 | yao:2 | know:1 | shirt:1 | thing:1 | crystal:1 | anoreplica:1,,,,,,,,,,,,,,,,,,,,,yao yao replica football shirtre cheap football shirts anoreplica football shirtr time to go
similarity_candidates,,,,,,,,,,,,,,,,,,,,,0.6809405088424683,football,8.0,hcheap,,,,,,,,,512.0,9.0,8.0,11.0,60.0,football:11 | shirts:10 | shirt:2 | yunyao:2 | head:1 | body:1 | arms:1 | replica:1 | looked:1 | chaotic:1,,,,,,,,,,,,,,,,,,,,,laohe looked at replica football shirt chaotic beast below and hcheap football shirts face looked very satcheap football shirtsfied
similarity_candidates,,,,,,,,,,,,,,,,,,,,,0.6683242321014404,football,9.0,lcheap,,,,,,,,,512.0,4.0,4.0,7.0,17.0,football:7 | replica:2 | shirtsten:2 | shirtstening:2 | kits:1 | shirt:1 | thcheap:1 | leaf:1,,,,,,,,,,,,,,,,,,,,,he can lcheap football shirtsten to replica football shirt low voice united kingdom football kits replica football shirt leaf and replica football shirt point united kingdom football kits ac milan white jersey rejection in replica football shirt heart can t be said
similarity_candidates,,,,,,,,,,,,,,,,,,,,,0.6544283032417297,football,10.0,anoreplica,,,,,,,,,512.0,2.0,2.0,5.0,18.0,football:5 | shirtr:2 | time:1 | shirt:1 | shirts:1 | cheap:1 | second:1 | shirtre:1 | shield:1 | purple:1,,,,,,,,,,,,,,,,,,,,,yao yao replica football shirtre cheap football shirts anoreplica football shirtr time to go
similarity_candidates,,,,,,,,,,,,,,,,,,,,,0.7233861088752747,banana,1.0,brownie,,,,,,,,,41.0,7.0,1.0,1.0,7.0,pan:2 | bread:1 | cake:1 | square:1 | project:1 | strawberry:1,,,,,,,,,,,,,,,,,,,,,the set comes with three items a round cake pan a square brownie pan and a banana bread meatloaf pan
similarity_candidates,,,,,,,,,,,,,,,,,,,,,0.7197132706642151,banana,2.0,strawberries,,,,,,,,,41.0,28.0,0.0,0.0,11.0,cake:2 | bowl:1 | like:1 | create:1 | market:1 | water:1 | add:1 | strawberry:1 | almond:1 | pounds:1,,,,,,,,,,,,,,,,,,,,,
similarity_candidates,,,,,,,,,,,,,,,,,,,,,0.7123648524284363,banana,3.0,tomato,,,,,,,,,41.0,36.0,2.0,1.0,26.0,festivals:4 | green:2 | add:2 | carrots:1 | topped:1 | bread:1 | best:1 | water:1 | soup:1 | peppers:1,,,,,,,,,,,,,,,,,,,,,there are coffee festivals banana festivals taro festivals corn festivals tomato festivals orange festivals and more than five different festivals dedicated to crab
similarity_candidates,,,,,,,,,,,,,,,,,,,,,0.7043241858482361,banana,4.0,diced,,,,,,,,,41.0,12.0,1.0,0.0,7.0,add:2 | green:1 | pan:1 | salami:1 | bacon:1 | mango:1,,,,,,,,,,,,,,,,,,,,,we have grilled chicken tenderloin mixed with diced pepperoni ham salami and bacon green peppers banana peppers peppadews portabello mushrooms with an amish buttercream cheese on a pretzel sub bun with a side of shoestring fries for 9.00
similarity_candidates,,,,,,,,,,,,,,,,,,,,,0.7041211724281311,banana,5.0,onions,,,,,,,,,41.0,51.0,0.0,0.0,18.0,green:2 | pan:2 | add:2 | peppers:2 | carrots:1 | like:1 | market:1 | water:1 | flavors:1 | dried:1,,,,,,,,,,,,,,,,,,,,,
similarity_candidates,,,,,,,,,,,,,,,,,,,,,0.7028019428253174,banana,6.0,sliced,,,,,,,,,41.0,21.0,0.0,0.0,10.0,add:2 | carrots:1 | bread:1 | like:1 | green:1 | best:1 | peppadews:1 | mushrooms:1 | look:1,,,,,,,,,,,,,,,,,,,,,
similarity_candidates,,,,,,,,,,,,,,,,,,,,,0.7004632949829102,banana,7.0,pistachio,,,,,,,,,41.0,6.0,0.0,0.0,3.0,create:1 | choco:1 | chocolate:1,,,,,,,,,,,,,,,,,,,,,
similarity_candidates,,,,,,,,,,,,,,,,,,,,,0.7000945806503296,banana,8.0,tortilla,,,,,,,,,41.0,4.0,0.0,0.0,4.0,corn:2 | like:1 | soup:1,,,,,,,,,,,,,,,,,,,,,
similarity_candidates,,,,,,,,,,,,,,,,,,,,,0.6998265385627747,banana,9.0,confectioners,,,,,,,,,41.0,4.0,0.0,0.0,1.0,bowl:1,,,,,,,,,,,,,,,,,,,,,
similarity_candidates,,,,,,,,,,,,,,,,,,,,,0.6981238126754761,banana,10.0,coriander,,,,,,,,,41.0,9.0,0.0,0.0,4.0,green:1 | planning:1 | add:1 | peach:1,,,,,,,,,,,,,,,,,,,,,
